complex,orig_param_value,adjustment,param_value,orig_ATP,ATP,sof
Complex V,150.93,0.5,75.465,1.6140835007163e-4,2.06735020414153e-5,1.7438360279100704
Complex IV,3.2562e-5,0.5,1.6281e-5,1.6140835007163e-4,2.98394325268666e-5,1.6302616002998058
Complex I,0.36923,0,0,1.6140835007163e-4,3.57502901120755e-5,0.7785102809352168
Complex III,0.091737,0.5,0.0458685,1.6140835007163e-4,1.560656582179e-4,0.0662009350985749
